time,vel,alt
0.0,1.00000000,10
0.2,7.53268055,20
0.3,11.28563849,35
0.4,15.02255891,40
0.5,18.73813146,42
0.6,22.42707609,43
0.7,26.08415063,60
0.8,29.70415816,80
0.9,33.28195445,121
1.0,36.81245527,150
